cluster,rank,gene,scores,logfoldchanges,pct_in,pct_out,,
0,1,CCL5,220.3751,3.3091,0.9943,0.6289,,scores​ —— Wilcoxon检验统计量
0,2,GZMA,209.7201,2.9564,0.9626,0.5055,,logfoldchanges​ —— log2折叠变化
0,3,SH3BGRL3,193.347,1.6839,0.9919,0.8795,,pct_in​ —— 聚类内表达比例
0,4,CD8A,183.8075,2.9286,0.8326,0.2997,,pct_out​ —— 聚类外表达比例
0,5,NKG7,180.3597,2.7849,0.9519,0.5095,,
0,6,IL32,179.5907,2.1842,0.9792,0.7611,,
0,7,GZMB,173.901,3.0569,0.7901,0.2843,,
0,8,CD3E,171.0383,2.0242,0.9257,0.5798,,
0,9,CTSW,165.6046,2.4932,0.826,0.3357,,
0,10,CST7,162.8432,2.2633,0.8574,0.446,,
0,11,ALOX5AP,161.7068,2.2367,0.8053,0.4557,,
0,12,HLA-DRB5,161.6634,2.9022,0.7304,0.2662,,
0,13,CD2,161.1265,2.0009,0.8854,0.544,,
0,14,PTPRCAP,147.0002,2.674,0.7278,0.258,,
0,15,HLA-DRB1,146.0698,1.9007,0.891,0.5942,,
0,16,LSP1,145.1471,1.6461,0.8511,0.5731,,
0,17,GAPDH,141.6018,1.1526,0.9866,0.9028,,
0,18,CORO1A,141.2417,1.4961,0.9186,0.6732,,
0,19,CD96,140.8454,2.1601,0.7019,0.2889,,
0,20,HOPX,136.5668,2.197,0.7017,0.3025,,
1,1,CD52,187.8907,2.0273,0.9942,0.8199,,
1,2,IFITM1,181.374,2.7568,0.8905,0.4776,,
1,3,RPS26,173.6756,1.8974,0.9715,0.8626,,
1,4,LTB,162.1242,2.3815,0.8892,0.4925,,
1,5,S100A4,158.3917,1.7413,0.9835,0.8167,,
1,6,PTPRCAP,156.3375,2.8844,0.7656,0.2586,,
1,7,IFITM2,155.7124,1.8899,0.9286,0.6473,,
1,8,IL7R,137.707,2.2895,0.7366,0.3254,,
1,9,GSTK1,137.446,1.613,0.8438,0.5592,,
1,10,CD3E,135.4627,1.7665,0.9376,0.5834,,
1,11,RPL30,129.2441,0.7127,0.9997,0.9804,,
1,12,RPS21,123.6016,0.8469,0.9903,0.9363,,
1,13,PTPRC,122.988,1.4609,0.9066,0.6405,,
1,14,EEF1A1,122.4015,0.603,1,0.9934,,
1,15,CD8B,119.9773,2.0224,0.6608,0.2777,,
1,16,IFITM3,119.2477,1.8946,0.727,0.4063,,
1,17,LIMD2,119.1745,1.6113,0.7901,0.4741,,
1,18,CNN2,118.9456,1.71,0.7143,0.3856,,
1,19,SH3BGRL3,118.4008,1.1845,0.9927,0.8813,,
1,20,MYL12A,115.9687,1.1661,0.9612,0.776,,
2,1,MALAT1,104.0661,0.7918,0.9998,0.9991,,
2,2,HSP90AA1,71.0807,1.3319,0.691,0.758,,
2,3,HSPA1B,68.16,2.6121,0.4429,0.2241,,
2,4,HSPA1A,66.562,2.6871,0.4717,0.2909,,
2,5,DNAJB1,65.4108,1.9965,0.5528,0.4755,,
2,6,HSPA6,56.1505,3.1961,0.3044,0.0846,,
2,7,JUN,48.2775,1.0061,0.635,0.6369,,
2,8,H3F3B,46.1111,0.1303,0.8473,0.958,,
2,9,UBC,44.9785,0.1983,0.7977,0.9291,,
2,10,HSP90AB1,43.7684,0.5886,0.6175,0.7157,,
2,11,DNAJA1,42.2975,1.1296,0.4943,0.4902,,
2,12,HSPA8,42.2453,0.4047,0.6555,0.7983,,
2,13,HSPH1,40.369,1.6195,0.3561,0.2505,,
2,14,DDX5,38.9332,0.207,0.7377,0.8634,,
2,15,GZMK,36.8862,1.0671,0.4246,0.3139,,
2,16,SRSF7,36.0267,0.6727,0.553,0.6233,,
2,17,CCL5,34.7169,0.86,0.7963,0.6819,,
2,18,JUNB,34.2699,0.4483,0.7129,0.7887,,
2,19,BTG1,32.7735,0.0452,0.8094,0.9329,,
2,20,IFNG,31.8293,1.6876,0.2604,0.147,,
3,1,CXCR4,157.2075,2.6713,0.9416,0.6327,,
3,2,EIF1,145.593,1.1805,0.9967,0.9706,,
3,3,SRGN,143.8096,2.0868,0.9647,0.7781,,
3,4,RPS29,140.6087,1.0405,0.9981,0.9783,,
3,5,TSC22D3,137.2482,2.0303,0.9403,0.7704,,
3,6,RGCC,130.6736,2.8404,0.7616,0.368,,
3,7,RPL13A,127.0771,1.2782,0.9944,0.9704,,
3,8,BTG1,125.0794,1.2887,0.9789,0.9147,,
3,9,H3F3B,123.8428,1.1086,0.9884,0.9428,,
3,10,RPL27A,123.5148,1.3058,0.9919,0.9389,,
3,11,RPS27,119.4002,0.7846,1,0.9918,,
3,12,RPLP2,118.8891,0.8137,0.999,0.9827,,
3,13,RPL23A,114.1757,0.8505,0.9982,0.9732,,
3,14,MALAT1,113.8137,0.764,1,0.9991,,
3,15,YPEL5,113.805,2.1083,0.7421,0.465,,
3,16,RGS1,111.7139,2.3427,0.8345,0.4646,,
3,17,RPS25,109.9909,0.7871,0.9968,0.9673,,
3,18,PTMA,109.5238,0.8253,0.995,0.9767,,
3,19,RPS20,107.4801,1.4045,0.9758,0.8632,,
3,20,ZFP36,107.2839,1.6092,0.8756,0.7059,,
4,1,TYROBP,217.1824,6.5504,0.9813,0.1291,,
4,2,FCER1G,210.8627,6.7809,0.9504,0.071,,
4,3,CST3,209.5079,5.9631,0.9659,0.1514,,
4,4,FTH1,209.3545,3.033,0.9999,0.9633,,
4,5,LYZ,207.8464,6.7557,0.9472,0.1198,,
4,6,FTL,205.5394,3.2154,0.9991,0.9471,,
4,7,GPX1,203.0977,4.2685,0.9603,0.3966,,
4,8,AIF1,202.7017,6.1093,0.9172,0.0939,,
4,9,NPC2,195.731,4.3267,0.9376,0.2983,,
4,10,SAT1,193.2967,3.7556,0.986,0.6112,,
4,11,LST1,186.0395,5.0287,0.8748,0.1127,,
4,12,PSAP,182.8028,3.6715,0.9278,0.4043,,
4,13,SOD2,175.9733,4.3549,0.8759,0.2146,,
4,14,CTSS,172.5779,3.6026,0.8938,0.309,,
4,15,PLAUR,170.7269,5.2294,0.8017,0.0776,,
4,16,CD68,170.0679,5.4772,0.784,0.0839,,
4,17,GRN,169.2916,4.4772,0.8127,0.1459,,
4,18,CTSB,165.687,4.1327,0.8324,0.2246,,
4,19,TYMP,164.1129,3.6378,0.8584,0.2334,,
4,20,FCGRT,158.3169,4.5187,0.7579,0.0836,,
5,1,RPL34,171.5596,1.2404,0.9999,0.9877,,
5,2,RPL32,168.4056,1.2228,0.9992,0.9855,,
5,3,RPS27A,164.5509,1.0957,0.9997,0.9867,,
5,4,RPS6,162.4471,1.3824,0.9986,0.9797,,
5,5,RPS12,161.9893,1.1586,0.9995,0.9844,,
5,6,RPS14,160.6856,1.0614,0.9993,0.9855,,
5,7,RPL13,160.4266,1.1067,0.9997,0.9902,,
5,8,RPS3A,159.5654,1.2274,0.999,0.9781,,
5,9,RPL3,158.2703,1.3333,0.9981,0.9759,,
5,10,RPL11,156.7085,0.9906,0.9998,0.986,,
5,11,RPS27,154.934,1.0719,1,0.992,,
5,12,RPS25,154.5406,1.1982,0.9976,0.9678,,
5,13,RPL10,152.8482,0.8614,1,0.9935,,
5,14,RPS3,152.7589,0.9613,0.9995,0.9842,,
5,15,EEF1A1,151.2861,0.9931,0.9999,0.994,,
5,16,RPL9,151.1198,1.3659,0.9879,0.948,,
5,17,RPL21,151.0203,1.4374,0.9947,0.9709,,
5,18,RPL19,150.0739,0.996,0.999,0.9805,,
5,19,RPS15A,148.7546,0.9054,0.9998,0.9872,,
5,20,RPS18,147.1275,1.175,0.9996,0.9857,,
6,1,NKG7,174.354,3.951,0.9814,0.5581,,
6,2,KLRD1,157.2933,5.3875,0.8175,0.0724,,
6,3,FGFBP2,150.9592,7.036,0.7534,0.0334,,
6,4,GZMH,148.6053,4.0502,0.8477,0.2483,,
6,5,CST7,134.0151,2.6885,0.929,0.4879,,
6,6,GZMB,126.6749,3.13,0.8707,0.3363,,
6,7,GNLY,124.0459,3.7371,0.9208,0.4201,,
6,8,FCGR3A,120.7587,4.6727,0.6415,0.0707,,
6,9,CMC1,120.5942,3.8298,0.7026,0.2214,,
6,10,PRF1,120.2918,3.0568,0.7623,0.2637,,
6,11,KLRF1,102.1178,7.3651,0.5058,0.0077,,
6,12,TYROBP,101.2278,3.1043,0.6731,0.1683,,
6,13,B2M,96.3477,0.5904,1,0.9972,,
6,14,HCST,93.5653,1.5369,0.9032,0.6604,,
6,15,SPON2,93.249,4.1462,0.5086,0.0732,,
6,16,CCL5,89.1716,2.2245,0.975,0.6723,,
6,17,HLA-C,88.1101,0.8333,0.9991,0.9729,,
6,18,CYBA,87.8607,1.1202,0.9461,0.8327,,
6,19,CD247,85.5135,2.1359,0.6249,0.3081,,
6,20,ITGB2,84.0415,1.5955,0.7475,0.4988,,
7,1,KRT8,150.4681,7.1277,0.8054,0.0571,,
7,2,KRT18,149.1643,7.0835,0.7995,0.0525,,
7,3,C19orf33,138.0877,7.3937,0.7349,0.0162,,
7,4,ELF3,137.7189,6.8143,0.7394,0.031,,
7,5,EPCAM,137.1467,7.0427,0.7325,0.0219,,
7,6,IFI27,133.3372,6.1042,0.7327,0.0607,,
7,7,HSPB1,133.0513,3.4561,0.9003,0.3433,,
7,8,S100A6,125.8864,2.3661,0.9618,0.8595,,
7,9,RPL8,124.3277,1.1886,0.9952,0.9691,,
7,10,SPINT2,122.8141,4.3403,0.705,0.0947,,
7,11,RPL36,120.4046,1.1221,0.9963,0.9699,,
7,12,PHLDA2,120.0279,4.3975,0.6944,0.0883,,
7,13,RPS18,119.0265,1.1171,0.9981,0.9861,,
7,14,TXN,118.5842,2.4656,0.8389,0.4969,,
7,15,ADIRF,117.197,6.6971,0.6301,0.0191,,
7,16,RPL35,117.1156,1.1568,0.9929,0.9603,,
7,17,CST3,117.1041,3.4254,0.7987,0.1857,,
7,18,PERP,116.048,4.0959,0.6835,0.1108,,
7,19,RPL37A,115.9269,1.1443,0.9935,0.951,,
7,20,CD9,115.6147,4.0422,0.6853,0.0859,,
8,1,BATF,119.6034,3.7893,0.7673,0.2139,,
8,2,TNFRSF18,116.813,4.9186,0.6982,0.0783,,
8,3,TNFRSF4,107.8909,5.1711,0.6396,0.0665,,
8,4,RGS1,106.4843,2.8996,0.9086,0.4767,,
8,5,B2M,103.4778,0.7351,1,0.9972,,
8,6,DUSP4,96.0894,3.2401,0.6696,0.1789,,
8,7,CREM,92.9095,2.6832,0.7571,0.3419,,
8,8,SRGN,91.5255,1.7729,0.9713,0.7859,,
8,9,IL32,89.6387,1.824,0.981,0.7894,,
8,10,TIGIT,83.0794,2.7405,0.6076,0.2128,,
8,11,PMAIP1,82.0211,2.5587,0.6499,0.2631,,
8,12,BTG1,80.7169,1.1034,0.9833,0.9173,,
8,13,TSC22D3,80.6486,1.5841,0.9361,0.778,,
8,14,CARD16,75.9636,2.1464,0.6391,0.3336,,
8,15,UBC,75.5483,1.0451,0.9745,0.9129,,
8,16,S100A4,74.6268,1.4079,0.9768,0.8363,,
8,17,SOD1,74.3981,1.4242,0.7911,0.5888,,
8,18,ICOS,73.8163,3.356,0.4898,0.1013,,
8,19,SAT1,73.2227,1.6392,0.8704,0.6312,,
8,20,CD3D,73.1894,1.4941,0.917,0.6452,,
9,1,CD74,140.9451,3.046,0.9917,0.8692,,
9,2,CD79A,138.0103,6.3917,0.8528,0.043,,
9,3,RPS23,132.9429,1.315,0.9991,0.9727,,
9,4,MS4A1,122.5033,7.1206,0.7438,0.0153,,
9,5,RPL32,119.9731,1.0735,0.9992,0.986,,
9,6,RPS5,117.3565,1.3435,0.9913,0.9368,,
9,7,RPL18A,112.5138,1.0246,0.9982,0.9822,,
9,8,RPL11,110.6211,0.8861,0.9977,0.9865,,
9,9,RPS8,110.0799,1.0268,0.9969,0.981,,
9,10,CD37,108.4374,2.1782,0.9011,0.6259,,
9,11,RPL13,108.383,0.931,0.9998,0.9905,,
9,12,RPL19,106.5468,0.9081,0.9972,0.9812,,
9,13,RPL8,105.79,1.0084,0.9966,0.9694,,
9,14,RPL34,104.9789,0.9319,0.9996,0.9882,,
9,15,RPL39,104.3184,0.8911,0.9986,0.9853,,
9,16,RPS27,103.321,0.9229,1,0.9923,,
9,17,RPL26,101.5091,0.9532,0.9972,0.9765,,
9,18,RPL9,101.2483,1.143,0.9901,0.9492,,
9,19,RPS25,100.2673,0.9824,0.9975,0.9688,,
9,20,RPS18,99.4794,1.0354,0.9995,0.9862,,
10,1,STMN1,134.1109,5.7298,0.9521,0.1511,,
10,2,HMGN2,124.0595,3.251,0.9729,0.5804,,
10,3,TUBA1B,123.2905,3.9395,0.9606,0.4871,,
10,4,HMGB2,122.9971,3.5413,0.9709,0.5068,,
10,5,TUBB,117.3405,3.813,0.929,0.399,,
10,6,HMGB1,115.9991,2.1988,0.986,0.7854,,
10,7,H2AFZ,113.849,2.7897,0.9647,0.5861,,
10,8,MKI67,110.2565,6.8129,0.7733,0.0327,,
10,9,GAPDH,104.4169,1.7184,0.9944,0.9149,,
10,10,H2AFV,103.3878,2.7873,0.9068,0.3731,,
10,11,KIAA0101,102.338,5.6175,0.7306,0.0377,,
10,12,PTTG1,102.3138,3.7325,0.8179,0.1728,,
10,13,TYMS,101.1675,6.7966,0.7066,0.0188,,
10,14,CENPF,98.6339,6.138,0.7007,0.0367,,
10,15,SMC4,96.9736,3.4596,0.7979,0.1953,,
10,16,NUSAP1,96.747,5.1677,0.7013,0.0552,,
10,17,DEK,96.6195,2.5948,0.8831,0.3758,,
10,18,HNRNPA2B1,95.1429,1.8935,0.9618,0.6839,,
10,19,BIRC5,95.0251,6.6758,0.6635,0.0152,,
10,20,ACTB,92.4111,1.2892,0.9996,0.9842,,
11,1,MZB1,86.8514,6.6188,0.6375,0.0665,,
11,2,DERL3,78.1525,7.14,0.5608,0.0208,,
11,3,SSR4,73.9189,2.9235,0.7293,0.6623,,
11,4,FKBP11,68.3532,3.41,0.5951,0.2326,,
11,5,XBP1,67.0714,2.8962,0.6433,0.3667,,
11,6,CD79A,66.7361,4.1919,0.5268,0.0648,,
11,7,HERPUD1,66.2524,2.5622,0.6844,0.5265,,
11,8,FKBP2,64.4979,2.8604,0.5985,0.2794,,
11,9,PRDX4,62.5368,3.7788,0.5167,0.1291,,
11,10,HSP90B1,59.6402,2.0527,0.6674,0.4602,,
11,11,SEC11C,58.455,2.5885,0.5713,0.2926,,
11,12,ITM2C,56.139,3.1398,0.499,0.1469,,
11,13,SSR3,54.5337,2.2377,0.5652,0.3259,,
11,14,ANKRD28,53.4053,2.608,0.5266,0.2097,,
11,15,SPCS2,52.3437,1.8522,0.5939,0.4222,,
11,16,SEC61B,51.3104,1.3154,0.6566,0.56,,
11,17,JSRP1,50.0866,6.3754,0.3608,0.0102,,
11,18,TRIB1,50.0529,3.2498,0.4279,0.0951,,
11,19,SDF2L1,49.6791,2.1945,0.5265,0.2534,,
11,20,UBE2J1,49.5605,2.3852,0.5029,0.2159,,
12,1,IGFBP7,71.2127,9.6629,0.9607,0.0346,,
12,2,CALD1,68.0552,9.9452,0.9172,0.009,,
12,3,SPARC,60.7385,9.0592,0.8209,0.0123,,
12,4,MGP,59.4216,9.51,0.8053,0.0181,,
12,5,EGR1,58.811,4.9511,0.8618,0.1395,,
12,6,COL6A2,58.7866,7.7924,0.7988,0.0181,,
12,7,HSPB1,57.85,3.7838,0.9683,0.3712,,
12,8,IFITM3,57.229,3.442,0.9473,0.4538,,
12,9,IGFBP4,56.9829,7.3314,0.7778,0.0297,,
12,10,TIMP1,56.8719,3.9289,0.9215,0.3929,,
12,11,FOS,56.7697,3.6913,0.972,0.5452,,
12,12,ID3,56.0786,5.043,0.8198,0.1065,,
12,13,FOSB,55.1742,3.4958,0.9274,0.3805,,
12,14,TSC22D1,55.0002,5.0059,0.7945,0.0839,,
12,15,SELM,54.6737,4.4187,0.8058,0.1264,,
12,16,GSN,54.0214,5.2037,0.7789,0.0999,,
12,17,MYL9,53.612,7.7929,0.7294,0.019,,
12,18,CD63,53.3055,2.8281,0.9155,0.5041,,
12,19,CST3,53.0961,3.9524,0.8951,0.2163,,
12,20,SERPING1,52.3449,6.8626,0.7165,0.0257,,
13,1,TPSAB1,47.5649,14.7682,0.9859,0.0059,,
13,2,LTC4S,42.7314,8.1099,0.8909,0.029,,
13,3,CLU,41.0341,5.8612,0.878,0.1228,,
13,4,HPGDS,40.8773,10.2472,0.8485,0.0064,,
13,5,CD63,40.7854,3.5371,0.9564,0.506,,
13,6,CD9,39.2537,5.2253,0.8652,0.1188,,
13,7,LAPTM4A,36.223,3.8139,0.8472,0.2892,,
13,8,FCER1G,36.132,4.4944,0.8691,0.1448,,
13,9,SLC18A2,35.7734,11.2395,0.742,0.0013,,
13,10,SRGN,35.4701,2.5667,0.9743,0.795,,
13,11,GATA2,35.2018,10.7688,0.7304,0.0022,,
13,12,FTH1,34.6608,1.8804,1,0.9663,,
13,13,VWA5A,33.7843,7.8985,0.706,0.0148,,
13,14,LMNA,33.6472,3.5279,0.8601,0.3426,,
13,15,CAPG,33.2143,3.4057,0.819,0.288,,
13,16,GLUL,32.4072,3.7627,0.7856,0.2095,,
13,17,TYROBP,30.6742,3.4123,0.8639,0.2007,,
13,18,CTSD,30.6498,2.5943,0.8575,0.4908,,
13,19,IL1RL1,29.3147,8.3109,0.611,0.0044,,
13,20,RGS1,29.285,2.9874,0.9255,0.4978,,
14,1,GPR183,35.7935,5.5737,0.9794,0.2431,,
14,2,PLAC8,35.3901,5.3503,0.9712,0.149,,
14,3,SEC61B,35.2282,3.3358,0.9918,0.5622,,
14,4,SERPINF1,34.913,7.1022,0.93,0.0275,,
14,5,GZMB,34.1661,4.9225,0.9733,0.3718,,
14,6,IRF7,33.7616,5.1061,0.9321,0.1576,,
14,7,LILRA4,33.7104,10.7039,0.8848,0.0025,,
14,8,PLD4,33.6944,7.7094,0.8909,0.0182,,
14,9,CD74,33.133,3.1546,1,0.8745,,
14,10,NPC2,32.6161,3.8709,0.9918,0.3524,,
14,11,ITM2C,31.9457,4.4483,0.9321,0.1565,,
14,12,PPP1R14B,31.4479,5.216,0.8663,0.0935,,
14,13,IRF8,31.4271,5.4078,0.8663,0.0735,,
14,14,GPX1,30.9854,3.4669,0.9815,0.4443,,
14,15,TSPAN13,30.3658,5.9446,0.821,0.0459,,
14,16,TCF4,30.2839,5.7741,0.821,0.0489,,
14,17,IRF4,30.2508,6.1684,0.8148,0.0389,,
14,18,LDLRAD4,29.9224,4.8429,0.8457,0.1112,,
14,19,IL3RA,29.8092,6.877,0.7922,0.0222,,
14,20,TYROBP,29.4801,4.201,0.9815,0.2013,,
